,Nodule,Infiltration,Effusion,Atelectasis,Only Nodule,Only Infiltration,Only Effusion,Only Atelectasis,Only Nodule and Infiltration,Only Nodule and Effusion,Only Nodule and Atelectasis,Only Infiltration and Effusion,Only Infiltration and Atelectasis,Only Effusion and Atelectasis,"Only Nodule, Infiltration and Effusion","Only Nodule, Infiltration and Atelectasis","Only Nodule, Effusion and Atelectasis","Only Infiltration, Effusion and Atelectasis",Fucking sick,Healthy
F_train人數,647,1918,1398,1066,407,1227,757,541,118,50,24,256,171,192,16,11,8,106,13,6103
M_train人數,612,2004,1326,1277,364,1284,666,704,110,46,31,251,190,196,26,15,13,121,7,5976
Young_train人數,481,2232,1007,786,258,1524,486,375,129,38,5,249,199,104,33,6,5,85,7,6497
Middle_train人數,617,1896,1203,1152,399,1236,592,612,97,50,23,231,193,194,19,13,10,101,6,6224
Old_train人數,730,1984,1636,1529,478,1183,845,785,106,61,42,254,240,269,19,5,11,169,8,5525
F_valid人數,224,802,538,437,148,516,299,214,37,10,10,99,85,65,6,4,4,50,5,2448
M_valid人數,251,800,534,506,154,482,263,268,47,14,11,110,82,73,10,8,3,57,4,2414
Young_valid人數,192,896,397,329,95,604,184,156,59,19,2,98,84,46,11,2,1,35,3,2601
Middle_valid人數,275,791,512,440,174,492,258,221,50,17,18,109,76,62,6,3,5,53,2,2454
Old_valid人數,289,828,665,611,180,484,315,315,45,25,16,121,88,107,12,0,7,74,4,2207
